{
  "summary": {
    "model": "unsloth/gemma-2-9b-it",
    "n_instances": 12,
    "nlayers": 42,
    "readout_layer": 28,
    "attn_share": {
      "mean": 0.816,
      "ci": [
        0.799,
        0.826
      ]
    },
    "mlp_share": {
      "mean": 0.184,
      "ci": [
        0.174,
        0.201
      ]
    },
    "layer_band_share": {
      "early": {
        "mean": -0.0,
        "ci": [
          -0.0,
          0.0
        ]
      },
      "mid": {
        "mean": 0.015,
        "ci": [
          0.014,
          0.017
        ]
      },
      "late": {
        "mean": 0.985,
        "ci": [
          0.983,
          0.987
        ]
      }
    },
    "write_depth_p50": 0.946,
    "write_depth_p90": 1.0,
    "attn_per_layer": [
      -0.0001,
      -0.0001,
      -0.0001,
      -0.0,
      -0.0001,
      0.0001,
      -0.0001,
      -0.0001,
      0.0001,
      0.0002,
      0.0,
      0.0001,
      0.0002,
      -0.0001,
      0.0005,
      -0.0008,
      0.0001,
      0.001,
      0.0144,
      0.0072,
      0.0213,
      0.014,
      0.0385,
      0.0777,
      0.0455,
      0.143,
      0.1426,
      -0.0605,
      0.3717
    ],
    "mlp_per_layer": [
      0.0001,
      0.0002,
      -0.0001,
      0.0001,
      0.0001,
      -0.0,
      -0.0,
      0.0,
      0.0,
      -0.0,
      0.0001,
      -0.0,
      -0.0,
      -0.0,
      0.0,
      0.0,
      0.0,
      -0.0,
      -0.0001,
      -0.0001,
      0.0001,
      0.0005,
      0.0008,
      0.0011,
      0.0052,
      0.0166,
      0.036,
      0.0382,
      0.0852
    ]
  },
  "instances": [
    {
      "scn": "account_role",
      "oid": "A4471",
      "agg": 841,
      "denom": 8.223,
      "T": 28,
      "total": 5.810516036377521,
      "attn_share": 0.8567764507237834,
      "mlp_share": 0.14322354927621658
    },
    {
      "scn": "account_role",
      "oid": "B8820",
      "agg": 841,
      "denom": 7.949,
      "T": 28,
      "total": 6.5623344245541375,
      "attn_share": 0.8574442516611357,
      "mlp_share": 0.14255574833886428
    },
    {
      "scn": "account_role",
      "oid": "C1093",
      "agg": 841,
      "denom": 7.999,
      "T": 28,
      "total": 8.27641233128088,
      "attn_share": 0.8625597609917034,
      "mlp_share": 0.13744023900829666
    },
    {
      "scn": "account_role",
      "oid": "D5567",
      "agg": 841,
      "denom": 7.976,
      "T": 28,
      "total": 7.512881106100394,
      "attn_share": 0.8563064096570094,
      "mlp_share": 0.14369359034299053
    },
    {
      "scn": "safety_mode",
      "oid": "A4471",
      "agg": 834,
      "denom": 11.68,
      "T": 28,
      "total": 10.18651905702427,
      "attn_share": 0.8346555965665224,
      "mlp_share": 0.16534440343347762
    },
    {
      "scn": "safety_mode",
      "oid": "B8820",
      "agg": 834,
      "denom": 11.534,
      "T": 28,
      "total": 8.276313629568904,
      "attn_share": 0.7991361137211672,
      "mlp_share": 0.20086388627883278
    },
    {
      "scn": "safety_mode",
      "oid": "C1093",
      "agg": 834,
      "denom": 11.383,
      "T": 28,
      "total": 9.933512281553703,
      "attn_share": 0.8283705172020367,
      "mlp_share": 0.17162948279796328
    },
    {
      "scn": "safety_mode",
      "oid": "D5567",
      "agg": 834,
      "denom": 11.625,
      "T": 28,
      "total": 9.337737606314477,
      "attn_share": 0.8197459487739487,
      "mlp_share": 0.18025405122605134
    },
    {
      "scn": "subscription_tier",
      "oid": "A4471",
      "agg": 826,
      "denom": 10.01,
      "T": 28,
      "total": 5.116539795926656,
      "attn_share": 0.7598258833356466,
      "mlp_share": 0.2401741166643534
    },
    {
      "scn": "subscription_tier",
      "oid": "B8820",
      "agg": 826,
      "denom": 10.441,
      "T": 28,
      "total": 5.400374405406183,
      "attn_share": 0.7606579137291226,
      "mlp_share": 0.2393420862708774
    },
    {
      "scn": "subscription_tier",
      "oid": "C1093",
      "agg": 826,
      "denom": 11.899,
      "T": 28,
      "total": 6.187627417602926,
      "attn_share": 0.7849784108201037,
      "mlp_share": 0.2150215891798963
    },
    {
      "scn": "subscription_tier",
      "oid": "D5567",
      "agg": 826,
      "denom": 11.287,
      "T": 28,
      "total": 5.765833531724638,
      "attn_share": 0.7737363383822268,
      "mlp_share": 0.22626366161777323
    }
  ]
}