{
  "summary": {
    "model": "unsloth/Meta-Llama-3.1-8B-Instruct",
    "n_instances": 12,
    "nlayers": 32,
    "attn_share": {
      "mean": 0.212,
      "ci": [
        0.202,
        0.216
      ]
    },
    "mlp_share": {
      "mean": 0.788,
      "ci": [
        0.784,
        0.798
      ]
    },
    "layer_band_share": {
      "early": {
        "mean": -0.0,
        "ci": [
          -0.0,
          0.0
        ]
      },
      "mid": {
        "mean": 0.049,
        "ci": [
          0.046,
          0.051
        ]
      },
      "late": {
        "mean": 0.951,
        "ci": [
          0.949,
          0.954
        ]
      }
    },
    "write_depth_p50": 0.938,
    "write_depth_p90": 0.969,
    "attn_per_layer": [
      0.0,
      0.0,
      -0.0,
      0.0,
      0.0,
      0.0,
      -0.0,
      0.0,
      -0.0,
      0.0001,
      -0.0,
      -0.0001,
      -0.0002,
      0.0006,
      0.0012,
      0.0014,
      0.0006,
      0.0094,
      0.0041,
      0.0002,
      0.0126,
      0.006,
      0.0214,
      0.0043,
      0.0208,
      0.0194,
      0.024,
      0.0341,
      -0.0021,
      0.0001,
      0.0273,
      0.0262
    ],
    "mlp_per_layer": [
      0.0,
      0.0,
      0.0,
      -0.0,
      0.0,
      -0.0,
      -0.0,
      0.0,
      0.0,
      -0.0001,
      0.0,
      -0.0,
      -0.0001,
      -0.0,
      -0.0003,
      0.0004,
      0.0017,
      0.0011,
      0.0048,
      0.0047,
      0.0065,
      0.0067,
      0.0066,
      0.0078,
      0.0082,
      0.0197,
      0.0235,
      0.0217,
      0.0513,
      0.0643,
      0.1198,
      0.4403
    ]
  },
  "instances": [
    {
      "scn": "account_role",
      "oid": "A4471",
      "agg": 771,
      "denom": 4.125,
      "total": 31.84172958661202,
      "attn_share": 0.23198602647556585,
      "mlp_share": 0.7680139735244341
    },
    {
      "scn": "account_role",
      "oid": "B8820",
      "agg": 771,
      "denom": 4.125,
      "total": 31.63601582870797,
      "attn_share": 0.23601712121222929,
      "mlp_share": 0.7639828787877707
    },
    {
      "scn": "account_role",
      "oid": "C1093",
      "agg": 771,
      "denom": 4.0,
      "total": 31.37151264150998,
      "attn_share": 0.2334471537477286,
      "mlp_share": 0.7665528462522714
    },
    {
      "scn": "account_role",
      "oid": "D5567",
      "agg": 771,
      "denom": 4.0,
      "total": 31.46948922282536,
      "attn_share": 0.2342762665698883,
      "mlp_share": 0.7657237334301117
    },
    {
      "scn": "safety_mode",
      "oid": "A4471",
      "agg": 768,
      "denom": 3.75,
      "total": 19.120945475118788,
      "attn_share": 0.22763473900333178,
      "mlp_share": 0.7723652609966682
    },
    {
      "scn": "safety_mode",
      "oid": "B8820",
      "agg": 768,
      "denom": 3.688,
      "total": 19.00737909905547,
      "attn_share": 0.2255426380736731,
      "mlp_share": 0.7744573619263269
    },
    {
      "scn": "safety_mode",
      "oid": "C1093",
      "agg": 768,
      "denom": 3.875,
      "total": 19.795939287289002,
      "attn_share": 0.22561030409587007,
      "mlp_share": 0.7743896959041299
    },
    {
      "scn": "safety_mode",
      "oid": "D5567",
      "agg": 768,
      "denom": 3.812,
      "total": 20.02522979814603,
      "attn_share": 0.22879592398438978,
      "mlp_share": 0.7712040760156103
    },
    {
      "scn": "subscription_tier",
      "oid": "A4471",
      "agg": 762,
      "denom": 2.0,
      "total": 24.6542187826999,
      "attn_share": 0.17410369291491495,
      "mlp_share": 0.825896307085085
    },
    {
      "scn": "subscription_tier",
      "oid": "B8820",
      "agg": 762,
      "denom": 2.125,
      "total": 25.091224532487104,
      "attn_share": 0.17390696461238453,
      "mlp_share": 0.8260930353876155
    },
    {
      "scn": "subscription_tier",
      "oid": "C1093",
      "agg": 762,
      "denom": 2.312,
      "total": 25.0127588507803,
      "attn_share": 0.17326153191227225,
      "mlp_share": 0.8267384680877278
    },
    {
      "scn": "subscription_tier",
      "oid": "D5567",
      "agg": 762,
      "denom": 2.094,
      "total": 24.141086528351025,
      "attn_share": 0.1737124652704429,
      "mlp_share": 0.8262875347295571
    }
  ]
}